<?xml version="1.0" encoding="UTF-8" ?>
<XMLDB PATH="local/sis/db" VERSION="20190317" COMMENT="XMLDB file for Moodle local/sis"
    xmlns:xsi="http://www.w3.org/2001/XMLSchema-instance"
    xsi:noNamespaceSchemaLocation="../../../lib/xmldb/xmldb.xsd"
>
  <TABLES>
    <TABLE NAME="local_sis" COMMENT="Default comment for local_sis, please edit me">
      <FIELDS>
        <FIELD NAME="id" TYPE="int" LENGTH="10" NOTNULL="true" SEQUENCE="true"/>
      </FIELDS>
      <KEYS>
        <KEY NAME="primary" TYPE="primary" FIELDS="id"/>
      </KEYS>
    </TABLE>
    <TABLE NAME="si_config" COMMENT="Default comment for the table, please edit me">
      <FIELDS>
        <FIELD NAME="id" TYPE="int" LENGTH="10" NOTNULL="true" SEQUENCE="true"/>
        <FIELD NAME="name" TYPE="char" LENGTH="100" NOTNULL="false" SEQUENCE="false"/>
        <FIELD NAME="subfield" TYPE="char" LENGTH="100" NOTNULL="false" SEQUENCE="false"/>
        <FIELD NAME="var_value" TYPE="char" LENGTH="1333" NOTNULL="false" SEQUENCE="false"/>
      </FIELDS>
      <KEYS>
        <KEY NAME="primary" TYPE="primary" FIELDS="id"/>
      </KEYS>
    </TABLE>
    <TABLE NAME="si_role" COMMENT="Default comment for the table, please edit me">
      <FIELDS>
        <FIELD NAME="id" TYPE="int" LENGTH="10" NOTNULL="true" SEQUENCE="true"/>
        <FIELD NAME="moodle_user_id" TYPE="int" LENGTH="10" NOTNULL="false" SEQUENCE="false"/>
        <FIELD NAME="idnumber" TYPE="char" LENGTH="20" NOTNULL="false" SEQUENCE="false"/>
        <FIELD NAME="role" TYPE="char" LENGTH="50" NOTNULL="false" SEQUENCE="false"/>
        <FIELD NAME="subrole" TYPE="char" LENGTH="50" NOTNULL="false" SEQUENCE="false"/>
        <FIELD NAME="role_value" TYPE="char" LENGTH="255" NOTNULL="false" SEQUENCE="false"/>
        <FIELD NAME="added_by" TYPE="char" LENGTH="10" NOTNULL="false" SEQUENCE="false"/>
        <FIELD NAME="date_added" TYPE="int" LENGTH="10" NOTNULL="false" SEQUENCE="false"/>
      </FIELDS>
      <KEYS>
        <KEY NAME="primary" TYPE="primary" FIELDS="id"/>
      </KEYS>
    </TABLE>
    <TABLE NAME="si_suspend_user" COMMENT="Default comment for the table, please edit me">
      <FIELDS>
        <FIELD NAME="id" TYPE="int" LENGTH="10" NOTNULL="true" SEQUENCE="true"/>
        <FIELD NAME="moodle_user_id" TYPE="int" LENGTH="10" NOTNULL="false" SEQUENCE="false"/>
        <FIELD NAME="idnumber" TYPE="char" LENGTH="20" NOTNULL="false" SEQUENCE="false"/>
        <FIELD NAME="suspend_status" TYPE="char" LENGTH="1" NOTNULL="false" SEQUENCE="false"/>
        <FIELD NAME="message" TYPE="text" NOTNULL="false" SEQUENCE="false"/>
        <FIELD NAME="suspend_date" TYPE="int" LENGTH="10" NOTNULL="false" SEQUENCE="false"/>
      </FIELDS>
      <KEYS>
        <KEY NAME="primary" TYPE="primary" FIELDS="id"/>
      </KEYS>
    </TABLE>
    <TABLE NAME="si_textbook" COMMENT="Default comment for the table, please edit me">
      <FIELDS>
        <FIELD NAME="id" TYPE="int" LENGTH="10" NOTNULL="true" SEQUENCE="true"/>
        <FIELD NAME="course_id" TYPE="int" LENGTH="10" NOTNULL="false" SEQUENCE="false"/>
        <FIELD NAME="course_code" TYPE="char" LENGTH="100" NOTNULL="false" SEQUENCE="false"/>
        <FIELD NAME="title" TYPE="char" LENGTH="255" NOTNULL="false" SEQUENCE="false"/>
        <FIELD NAME="author" TYPE="char" LENGTH="255" NOTNULL="false" SEQUENCE="false"/>
        <FIELD NAME="year_publish" TYPE="int" LENGTH="10" NOTNULL="false" SEQUENCE="false"/>
        <FIELD NAME="edition" TYPE="char" LENGTH="100" NOTNULL="false" SEQUENCE="false"/>
        <FIELD NAME="publisher" TYPE="char" LENGTH="255" NOTNULL="false" SEQUENCE="false"/>
        <FIELD NAME="isbn" TYPE="char" LENGTH="150" NOTNULL="false" SEQUENCE="false"/>
        <FIELD NAME="ordering" TYPE="int" LENGTH="10" NOTNULL="false" SEQUENCE="false"/>
        <FIELD NAME="is_active" TYPE="int" LENGTH="10" NOTNULL="false" SEQUENCE="false"/>
      </FIELDS>
      <KEYS>
        <KEY NAME="primary" TYPE="primary" FIELDS="id"/>
      </KEYS>
    </TABLE>
    <TABLE NAME="si_exam_data" COMMENT="Default comment for the table, please edit me">
      <FIELDS>
        <FIELD NAME="id" TYPE="int" LENGTH="10" NOTNULL="true" SEQUENCE="true"/>
        <FIELD NAME="course_code" TYPE="char" LENGTH="100" NOTNULL="false" SEQUENCE="false"/>
        <FIELD NAME="course_name" TYPE="char" LENGTH="255" NOTNULL="false" SEQUENCE="false"/>
        <FIELD NAME="section" TYPE="char" LENGTH="45" NOTNULL="false" SEQUENCE="false"/>
        <FIELD NAME="class_size" TYPE="int" LENGTH="11" NOTNULL="false" SEQUENCE="false"/>
        <FIELD NAME="duration" TYPE="int" LENGTH="11" NOTNULL="false" SEQUENCE="false"/>
        <FIELD NAME="exam_date" TYPE="int" LENGTH="11" NOTNULL="false" SEQUENCE="false"/>
        <FIELD NAME="exam_day" TYPE="char" LENGTH="45" NOTNULL="false" SEQUENCE="false"/>
        <FIELD NAME="start_time" TYPE="int" LENGTH="11" NOTNULL="false" SEQUENCE="false"/>
        <FIELD NAME="exam_time" TYPE="char" LENGTH="45" NOTNULL="false" SEQUENCE="false"/>
        <FIELD NAME="venue" TYPE="char" LENGTH="255" NOTNULL="false" SEQUENCE="false"/>
        <FIELD NAME="seat" TYPE="char" LENGTH="45" NOTNULL="false" SEQUENCE="false"/>
        <FIELD NAME="day_raw" TYPE="char" LENGTH="45" NOTNULL="false" SEQUENCE="false"/>
        <FIELD NAME="duration_raw" TYPE="char" LENGTH="45" NOTNULL="false" SEQUENCE="false"/>
        <FIELD NAME="exam_session" TYPE="char" LENGTH="45" NOTNULL="false" SEQUENCE="false"/>
        <FIELD NAME="semester" TYPE="char" LENGTH="20" NOTNULL="false" SEQUENCE="false"/>
        <FIELD NAME="exam_type" TYPE="int" LENGTH="5" NOTNULL="false" SEQUENCE="false"/>
        <FIELD NAME="campus" TYPE="char" LENGTH="10" NOTNULL="false" SEQUENCE="false"/>
      </FIELDS>
      <KEYS>
        <KEY NAME="primary" TYPE="primary" FIELDS="id"/>
      </KEYS>
    </TABLE>
    <TABLE NAME="si_exam_proctor" COMMENT="Default comment for the table, please edit me">
      <FIELDS>
        <FIELD NAME="id" TYPE="int" LENGTH="10" NOTNULL="true" SEQUENCE="true"/>
        <FIELD NAME="lecturer_code" TYPE="char" LENGTH="45" NOTNULL="false" SEQUENCE="false"/>
        <FIELD NAME="lecturer_name" TYPE="char" LENGTH="255" NOTNULL="false" SEQUENCE="false"/>
        <FIELD NAME="exam_date" TYPE="int" LENGTH="11" NOTNULL="false" SEQUENCE="false"/>
        <FIELD NAME="exam_day" TYPE="char" LENGTH="45" NOTNULL="false" SEQUENCE="false"/>
        <FIELD NAME="start_time" TYPE="int" LENGTH="11" NOTNULL="false" SEQUENCE="false"/>
        <FIELD NAME="exam_time" TYPE="char" LENGTH="45" NOTNULL="false" SEQUENCE="false"/>
        <FIELD NAME="venue" TYPE="char" LENGTH="255" NOTNULL="false" SEQUENCE="false"/>
        <FIELD NAME="day_raw" TYPE="char" LENGTH="45" NOTNULL="false" SEQUENCE="false"/>
        <FIELD NAME="duration_raw" TYPE="char" LENGTH="45" NOTNULL="false" SEQUENCE="false"/>
        <FIELD NAME="exam_session" TYPE="char" LENGTH="45" NOTNULL="false" SEQUENCE="false"/>
        <FIELD NAME="semester" TYPE="char" LENGTH="20" NOTNULL="false" SEQUENCE="false"/>
        <FIELD NAME="exam_type" TYPE="int" LENGTH="5" NOTNULL="false" SEQUENCE="false"/>
        <FIELD NAME="campus" TYPE="char" LENGTH="10" NOTNULL="false" SEQUENCE="false"/>
      </FIELDS>
      <KEYS>
        <KEY NAME="primary" TYPE="primary" FIELDS="id"/>
      </KEYS>
    </TABLE>
    <TABLE NAME="si_exam_student" COMMENT="Default comment for the table, please edit me">
      <FIELDS>
        <FIELD NAME="id" TYPE="int" LENGTH="10" NOTNULL="true" SEQUENCE="true"/>
        <FIELD NAME="idnumber" TYPE="char" LENGTH="20" NOTNULL="false" SEQUENCE="false"/>
        <FIELD NAME="course_code" TYPE="char" LENGTH="100" NOTNULL="false" SEQUENCE="false"/>
        <FIELD NAME="course_name" TYPE="char" LENGTH="255" NOTNULL="false" SEQUENCE="false"/>
        <FIELD NAME="section" TYPE="char" LENGTH="45" NOTNULL="false" SEQUENCE="false"/>
        <FIELD NAME="duration" TYPE="int" LENGTH="11" NOTNULL="false" SEQUENCE="false"/>
        <FIELD NAME="exam_date" TYPE="int" LENGTH="11" NOTNULL="false" SEQUENCE="false"/>
        <FIELD NAME="exam_day" TYPE="char" LENGTH="45" NOTNULL="false" SEQUENCE="false"/>
        <FIELD NAME="start_time" TYPE="int" LENGTH="11" NOTNULL="false" SEQUENCE="false"/>
        <FIELD NAME="exam_time" TYPE="char" LENGTH="45" NOTNULL="false" SEQUENCE="false"/>
        <FIELD NAME="venue" TYPE="char" LENGTH="255" NOTNULL="false" SEQUENCE="false"/>
        <FIELD NAME="seat" TYPE="char" LENGTH="45" NOTNULL="false" SEQUENCE="false"/>
        <FIELD NAME="day_raw" TYPE="char" LENGTH="45" NOTNULL="false" SEQUENCE="false"/>
        <FIELD NAME="duration_raw" TYPE="char" LENGTH="45" NOTNULL="false" SEQUENCE="false"/>
        <FIELD NAME="exam_session" TYPE="char" LENGTH="45" NOTNULL="false" SEQUENCE="false"/>
        <FIELD NAME="semester" TYPE="char" LENGTH="20" NOTNULL="false" SEQUENCE="false"/>
        <FIELD NAME="exam_type" TYPE="int" LENGTH="5" NOTNULL="false" SEQUENCE="false"/>
        <FIELD NAME="campus" TYPE="char" LENGTH="10" NOTNULL="false" SEQUENCE="false"/>		
      </FIELDS>
      <KEYS>
        <KEY NAME="primary" TYPE="primary" FIELDS="id"/>
      </KEYS>
    </TABLE>
    <TABLE NAME="si_certificate" COMMENT="Default comment for the table, please edit me">
      <FIELDS>
        <FIELD NAME="id" TYPE="int" LENGTH="10" NOTNULL="true" SEQUENCE="true"/>
        <FIELD NAME="title" TYPE="char" LENGTH="1333" NOTNULL="false" SEQUENCE="false"/>
        <FIELD NAME="certifified" TYPE="char" LENGTH="1333" NOTNULL="false" SEQUENCE="false"/>
        <FIELD NAME="award" TYPE="char" LENGTH="1333" NOTNULL="false" SEQUENCE="false"/>
        <FIELD NAME="award_title" TYPE="char" LENGTH="1333" NOTNULL="false" SEQUENCE="false"/>
        <FIELD NAME="award_date" TYPE="char" LENGTH="1333" NOTNULL="false" SEQUENCE="false"/>
        <FIELD NAME="award_date_php" TYPE="int" LENGTH="10" NOTNULL="false" SEQUENCE="false"/>
        <FIELD NAME="award_reason" TYPE="char" LENGTH="1333" NOTNULL="false" SEQUENCE="false"/>
        <FIELD NAME="award_detail" TYPE="char" LENGTH="1333" NOTNULL="false" SEQUENCE="false"/>
        <FIELD NAME="signature_name" TYPE="char" LENGTH="500" NOTNULL="false" SEQUENCE="false"/>
        <FIELD NAME="signature_image" TYPE="char" LENGTH="500" NOTNULL="false" SEQUENCE="false"/>
        <FIELD NAME="stamp" TYPE="char" LENGTH="100" NOTNULL="false" SEQUENCE="false"/>
        <FIELD NAME="language" TYPE="char" LENGTH="5" NOTNULL="false" SEQUENCE="false"/>
        <FIELD NAME="rule" TYPE="int" LENGTH="10" NOTNULL="false" SEQUENCE="false"/>
        <FIELD NAME="is_active" TYPE="int" LENGTH="10" NOTNULL="false" SEQUENCE="false"/>
        <FIELD NAME="date_created" TYPE="int" LENGTH="10" NOTNULL="false" SEQUENCE="false"/>
        <FIELD NAME="certificate_type" TYPE="char" LENGTH="1333" NOTNULL="false" SEQUENCE="false"/>
        <FIELD NAME="border_style" TYPE="char" LENGTH="100" NOTNULL="false" SEQUENCE="false"/>
        <FIELD NAME="watermark" TYPE="char" LENGTH="100" NOTNULL="false" SEQUENCE="false"/>
        <FIELD NAME="border" TYPE="int" LENGTH="10" NOTNULL="false" SEQUENCE="false"/>
        <FIELD NAME="created_by" TYPE="char" LENGTH="20" NOTNULL="false" SEQUENCE="false"/>
      </FIELDS>
      <KEYS>
        <KEY NAME="primary" TYPE="primary" FIELDS="id"/>
      </KEYS>
    </TABLE>
    <TABLE NAME="si_certificate_user" COMMENT="Default comment for the table, please edit me">
      <FIELDS>
        <FIELD NAME="id" TYPE="int" LENGTH="10" NOTNULL="true" SEQUENCE="true"/>
        <FIELD NAME="certificate_id" TYPE="int" LENGTH="10" NOTNULL="false" SEQUENCE="false"/>
        <FIELD NAME="moodle_user_id" TYPE="int" LENGTH="10" NOTNULL="false" SEQUENCE="false"/>
        <FIELD NAME="idnumber" TYPE="char" LENGTH="20" NOTNULL="false" SEQUENCE="false"/>
        <FIELD NAME="name" TYPE="char" LENGTH="500" NOTNULL="false" SEQUENCE="false"/>
        <FIELD NAME="custom_award_title" TYPE="char" LENGTH="500" NOTNULL="false" SEQUENCE="false"/>
        <FIELD NAME="custom_award_date" TYPE="char" LENGTH="500" NOTNULL="false" SEQUENCE="false"/>
        <FIELD NAME="custom_award_reason" TYPE="char" LENGTH="500" NOTNULL="false" SEQUENCE="false"/>
        <FIELD NAME="custom_award_detail" TYPE="char" LENGTH="500" NOTNULL="false" SEQUENCE="false"/>
        <FIELD NAME="allow_print" TYPE="int" LENGTH="10" NOTNULL="false" SEQUENCE="false"/>
        <FIELD NAME="date_added" TYPE="int" LENGTH="10" NOTNULL="false" SEQUENCE="false"/>
        <FIELD NAME="added_by" TYPE="char" LENGTH="20" NOTNULL="false" SEQUENCE="false"/>
        <FIELD NAME="serial_no" TYPE="int" LENGTH="10" NOTNULL="false" SEQUENCE="false"/>
        <FIELD NAME="serial_no_date" TYPE="int" LENGTH="10" NOTNULL="false" SEQUENCE="false"/>
        <FIELD NAME="custom_name" TYPE="char" LENGTH="500" NOTNULL="false" SEQUENCE="false"/>
        <FIELD NAME="custom_name2" TYPE="char" LENGTH="500" NOTNULL="false" SEQUENCE="false"/>
      </FIELDS>
      <KEYS>
        <KEY NAME="primary" TYPE="primary" FIELDS="id"/>
      </KEYS>
    </TABLE>
    <TABLE NAME="si_external_resource" COMMENT="Default comment for the table, please edit me">
      <FIELDS>
        <FIELD NAME="id" TYPE="int" LENGTH="10" NOTNULL="true" SEQUENCE="true"/>
        <FIELD NAME="title" TYPE="char" LENGTH="1333" NOTNULL="false" SEQUENCE="false"/>
        <FIELD NAME="description" TYPE="text" NOTNULL="false" SEQUENCE="false"/>
        <FIELD NAME="link" TYPE="char" LENGTH="1333" NOTNULL="false" SEQUENCE="false"/>
        <FIELD NAME="resource_type" TYPE="char" LENGTH="50" NOTNULL="false" SEQUENCE="false"/>
        <FIELD NAME="access_type" TYPE="char" LENGTH="50" NOTNULL="false" SEQUENCE="false"/>
        <FIELD NAME="access_context" TYPE="char" LENGTH="100" NOTNULL="false" SEQUENCE="false"/>
        <FIELD NAME="is_active" TYPE="int" LENGTH="10" NOTNULL="false" SEQUENCE="false"/>
        <FIELD NAME="added_by" TYPE="int" LENGTH="10" NOTNULL="false" SEQUENCE="false"/>
        <FIELD NAME="added_date" TYPE="int" LENGTH="10" NOTNULL="false" SEQUENCE="false"/>
      </FIELDS>
      <KEYS>
        <KEY NAME="primary" TYPE="primary" FIELDS="id"/>
      </KEYS>
    </TABLE>
    <TABLE NAME="si_log" COMMENT="Default comment for the table, please edit me">
      <FIELDS>
        <FIELD NAME="id" TYPE="int" LENGTH="10" NOTNULL="true" SEQUENCE="true"/>
        <FIELD NAME="moodle_user_id" TYPE="int" LENGTH="10" NOTNULL="false" SEQUENCE="false"/>
        <FIELD NAME="idnumber" TYPE="char" LENGTH="20" NOTNULL="false" SEQUENCE="false"/>
        <FIELD NAME="module" TYPE="char" LENGTH="75" NOTNULL="false" SEQUENCE="false"/>
        <FIELD NAME="action" TYPE="char" LENGTH="75" NOTNULL="false" SEQUENCE="false"/>
        <FIELD NAME="course" TYPE="int" LENGTH="10" NOTNULL="false" SEQUENCE="false"/>
        <FIELD NAME="info" TYPE="char" LENGTH="150" NOTNULL="false" SEQUENCE="false"/>
        <FIELD NAME="action_time" TYPE="int" LENGTH="10" NOTNULL="false" SEQUENCE="false"/>
        <FIELD NAME="field1" TYPE="char" LENGTH="75" NOTNULL="false" SEQUENCE="false"/>
        <FIELD NAME="field2" TYPE="char" LENGTH="75" NOTNULL="false" SEQUENCE="false"/>
        <FIELD NAME="ip" TYPE="char" LENGTH="20" NOTNULL="false" SEQUENCE="false"/>
      </FIELDS>
      <KEYS>
        <KEY NAME="primary" TYPE="primary" FIELDS="id"/>
      </KEYS>
    </TABLE>
  </TABLES>
</XMLDB>